,City,Cloudiness,Country,Date,Humidity,Lat,Lng,Max Temp,Wind Speed
0,Hilo,90,US,1585696347,69,19.73,-155.09,24.44,2.6
1,Thompson,75,CA,1585695783,67,55.74,-97.86,-7.0,7.7
2,Mataura,12,NZ,1585696348,87,-46.19,168.86,15.56,0.45
3,Mount Gambier,40,AU,1585696349,100,-37.83,140.77,12.0,2.1
4,Whitehorse,75,CA,1585696349,31,60.72,-135.05,-7.22,6.2
5,Busselton,99,AU,1585696350,75,-33.65,115.33,13.33,2.59
6,Provideniya,90,RU,1585696350,79,64.38,-173.3,-4.0,2.0
7,Hermanus,34,ZA,1585696350,88,-34.42,19.23,16.11,5.34
8,Tuktoyaktuk,20,CA,1585696350,60,69.45,-133.04,-12.0,8.7
9,Honningsvåg,40,NO,1585696351,73,70.98,25.97,-3.0,4.6
10,Savonlinna,90,FI,1585696351,100,61.87,28.88,-0.56,5.1
11,Kasongo,72,CD,1585696352,78,-4.45,26.67,21.25,0.9
12,Suntar,96,RU,1585696352,93,62.14,117.63,-12.28,4.53
13,Sémbé,97,CG,1585696272,83,1.65,14.58,22.37,0.63
14,Nanortalik,26,GL,1585696353,88,60.14,-45.24,0.48,6.82
15,Kapaa,1,US,1585696353,65,22.08,-159.32,26.0,6.2
16,Hobart,20,AU,1585696353,71,-42.88,147.33,18.89,3.1
17,Dikson,100,RU,1585696353,93,73.51,80.55,-19.62,1.92
18,Rio Grande,90,BR,1585696354,88,-32.03,-52.1,22.0,6.2
19,Ilulissat,99,GL,1585696358,71,69.22,-51.1,-16.0,7.7
20,Albany,75,US,1585696358,81,42.6,-73.97,8.0,2.6
21,Saint Paul Harbor,1,US,1585696359,34,57.79,-152.41,3.0,3.1
22,Marsá Maţrūḩ,0,EG,1585696359,77,31.35,27.25,15.0,4.1
23,Bredasdorp,27,ZA,1585696359,59,-34.53,20.04,18.0,2.6
24,Qaanaaq,95,GL,1585696360,80,77.48,-69.36,-14.65,1.87
25,Bluff,17,NZ,1585696323,87,-46.6,168.33,15.56,0.45
26,Lumphat,39,KH,1585696360,62,13.49,106.98,26.85,0.66
27,Hualmay,89,PE,1585696361,76,-11.1,-77.61,22.9,2.11
28,Asău,33,RO,1585696361,58,46.43,26.4,-2.0,1.5
29,Saint-Philippe,3,RE,1585696361,83,-21.36,55.77,25.0,3.1
30,Malovăţ,100,RO,1585696362,92,44.7,22.73,-0.29,4.59
31,Rikitea,100,PF,1585696319,72,-23.12,-134.97,26.22,3.68
32,Leh,100,IN,1585696362,25,34.17,77.58,-3.94,1.6
33,Plouzané,2,FR,1585696362,75,48.38,-4.62,6.67,7.2
34,São Miguel do Araguaia,22,BR,1585696314,76,-13.28,-50.16,24.03,0.94
35,Cape Town,20,ZA,1585696126,67,-33.93,18.42,17.22,8.2
36,Port Hedland,95,AU,1585696363,94,-20.32,118.57,23.0,3.1
37,Isangel,93,VU,1585696363,83,-19.55,169.27,26.74,7.61
38,Castro,18,BR,1585696364,63,-24.79,-50.01,18.99,1.04
39,Cam Ranh,20,VN,1585696364,88,11.92,109.16,26.0,1.0
40,Ushuaia,40,AR,1585696337,76,-54.8,-68.3,9.0,5.7
41,Puerto Ayacucho,20,VE,1585696366,36,5.66,-67.62,35.0,2.1
42,Bethel,90,US,1585696367,56,41.37,-73.41,8.33,2.1
43,Avarua,75,CK,1585696118,79,-21.21,-159.78,30.0,4.54
44,Roald,100,NO,1585696367,93,62.58,6.13,5.56,3.6
45,Riohacha,2,CO,1585696367,71,11.54,-72.91,25.93,6.64
46,Okha,23,RU,1585696368,95,53.57,142.95,-1.55,2.72
47,Ergani,75,TR,1585696368,93,38.27,39.76,10.0,2.6
48,Limbang,75,MY,1585696368,94,4.75,115.0,26.0,0.5
49,Narsaq,20,GL,1585696368,82,60.92,-46.05,0.0,0.5
50,East London,100,ZA,1585696369,80,-33.02,27.91,20.45,8.54
51,Buluang,73,PH,1585696369,69,13.31,123.34,28.05,2.81
52,Puerto Ayora,20,EC,1585696369,74,-0.74,-90.35,28.0,3.6
53,Trairi,98,BR,1585696369,83,-3.28,-39.27,26.94,4.17
54,Chui,71,UY,1585696370,75,-33.7,-53.46,20.02,6.29
55,Mayo,90,US,1585696370,75,38.89,-76.51,8.33,5.1
56,Muli,62,MV,1585696370,73,2.92,73.57,28.62,2.58
57,Pacific Grove,20,US,1585696370,72,36.62,-121.92,22.0,4.1
58,Ancud,27,CL,1585696371,51,-41.87,-73.82,15.0,3.6
59,Vaini,40,TO,1585696371,83,-21.2,-175.2,28.0,4.1
60,La Ronge,90,CA,1585696371,77,55.1,-105.28,-14.0,3.6
61,Champerico,6,GT,1585696372,64,14.3,-91.92,29.13,4.55
62,Sioux Lookout,20,CA,1585696372,20,50.1,-91.92,12.0,3.6
63,Punta Arenas,40,CL,1585696322,71,-53.15,-70.92,11.0,3.6
64,Yellowknife,20,CA,1585696372,32,62.46,-114.35,-12.0,4.1
65,Barrow,1,US,1585696372,66,71.29,-156.79,-9.0,8.7
66,Carnarvon,98,AU,1585696373,82,-24.87,113.63,20.0,4.6
67,Melfort,90,CA,1585696373,78,52.87,-104.62,-10.0,7.2
68,Rundu,38,NA,1585696373,68,-17.93,19.77,19.12,2.11
69,Shama,100,CN,1585696373,40,33.61,104.29,7.52,1.65
70,Norman Wells,5,CA,1585696374,51,65.28,-126.83,-10.0,9.3
71,Arraial do Cabo,75,BR,1585696374,88,-22.97,-42.03,25.0,1.0
72,Esperance,40,AU,1585696263,93,-33.87,121.9,12.0,1.5
73,Fortuna,75,US,1585696375,93,40.6,-124.16,12.22,6.2
74,Aklavik,20,CA,1585696375,36,68.22,-135.01,-8.0,7.7
75,Cabañas,40,CU,1585696375,66,22.98,-82.92,30.0,2.6
76,Mar del Plata,40,AR,1585696376,63,-38.0,-57.56,18.33,5.1
77,Salalah,40,OM,1585696344,88,17.02,54.09,27.0,2.1
78,Bathsheba,20,BB,1585696377,65,13.22,-59.52,26.0,5.7
79,Arman',15,RU,1585696377,89,59.7,150.17,-8.01,0.87
80,Kwang Binh,91,VN,1585696377,92,17.48,106.6,24.63,3.17
81,Luganville,100,VU,1585696378,82,-15.53,167.17,26.76,5.93
82,High Level,40,CA,1585696378,47,58.52,-117.14,-9.0,7.7
83,Jamestown,90,US,1585696378,93,42.1,-79.24,7.0,1.5
84,Torbay,90,CA,1585696379,97,47.67,-52.73,3.89,2.1
85,Karratha,99,AU,1585696097,23,-20.74,116.85,30.63,3.17
86,Cabo San Lucas,40,MX,1585696379,53,22.89,-109.91,26.67,2.6
87,Saldanha,0,ZA,1585696380,77,-33.01,17.94,16.0,7.2
88,Port Alfred,89,ZA,1585696324,81,-33.59,26.89,19.25,7.62
89,Taoudenni,91,ML,1585696380,16,22.68,-3.98,24.64,2.61
90,Healdsburg,75,US,1585696158,55,38.61,-122.87,20.56,3.1
91,Qaqortoq,20,GL,1585696381,86,60.72,-46.03,0.0,0.5
92,Saint George,1,US,1585696265,17,37.1,-113.58,22.22,2.1
93,Bam,0,IR,1585696382,20,29.11,58.36,16.25,5.34
94,Pitelino,99,RU,1585696382,93,54.58,41.81,-3.66,5.81
95,Quang Ngai,18,VN,1585696382,82,15.12,108.8,25.34,2.57
96,Krasnyy Chikoy,20,RU,1585696383,58,50.36,108.75,-1.07,1.74
97,Sisimiut,93,GL,1585696383,86,66.94,-53.67,-16.54,2.25
98,Farah,18,AF,1585696383,55,32.5,62.5,12.34,1.02
99,New Norfolk,20,AU,1585696384,71,-42.78,147.06,18.89,3.1
100,Upernavik,69,GL,1585696342,89,72.79,-56.15,-20.02,7.47
101,Wajima,100,JP,1585696384,89,37.4,136.9,10.8,6.08
102,Broome,90,US,1585696139,87,42.25,-75.83,8.89,2.11
103,Hope,1,US,1585696321,45,33.67,-93.59,19.0,2.6
104,Ginda,51,IN,1585696385,36,30.69,78.49,8.19,2.26
105,Iqaluit,20,CA,1585696386,58,63.75,-68.51,-19.0,1.0
106,Aksarka,8,RU,1585696386,92,66.56,67.8,-14.29,2.81
107,Sur,9,OM,1585696387,71,22.57,59.53,24.18,2.97
108,Shingū,100,JP,1585696387,89,33.73,135.98,14.64,6.48
109,Nurota,75,UZ,1585696387,87,40.56,65.69,12.0,6.2
110,Tuatapere,26,NZ,1585696387,87,-46.13,167.68,15.56,0.45
111,Coahuayana Viejo,5,MX,1585696388,51,18.73,-103.68,29.0,5.1
112,Butaritari,83,KI,1585696388,78,3.07,172.79,28.81,7.86
113,Lang Son,99,VN,1585696388,61,21.83,106.73,16.56,1.05
114,Clyde River,90,CA,1585696389,71,70.47,-68.59,-16.0,4.6
115,Dutse,89,NG,1585696389,19,11.76,9.34,29.43,1.97
116,Buala,86,SB,1585696390,71,-8.14,159.59,29.44,2.6
117,Ayan,63,RU,1585696390,88,56.45,138.17,-3.67,0.47
118,Horsham,0,GB,1585696390,80,51.06,-0.33,4.0,2.6
119,Terra Santa,100,BR,1585696268,94,-2.1,-56.49,24.53,0.45
120,Cessnock,75,AU,1585696391,100,-32.83,151.35,23.33,2.6
121,Damāvand,15,IR,1585696391,43,35.72,52.06,11.0,3.1
122,Virginia,90,US,1585696392,93,37.55,-77.45,9.0,3.1
123,College,1,US,1585696278,29,64.86,-147.8,-2.22,3.6
124,Meulaboh,60,ID,1585696392,81,4.14,96.13,26.57,1.64
125,Port Lincoln,95,AU,1585696262,73,-34.73,135.87,16.61,3.19
126,Rutul,75,RU,1585696393,71,41.54,47.42,12.0,8.2
127,George Town,20,MY,1585695670,94,5.41,100.34,28.0,1.78
128,Tápióság,11,HU,1585696394,63,47.4,19.63,2.22,1.0
129,Kavieng,98,PG,1585696394,76,-2.57,150.8,28.68,4.61
130,Geraldton,59,AU,1585696395,87,-28.77,114.6,15.0,2.6
131,Brae,97,GB,1585696395,81,60.4,-1.35,7.0,9.3
132,Hambantota,21,LK,1585696395,78,6.12,81.12,25.26,4.54
133,Gurupi,53,BR,1585696396,81,-11.73,-49.07,24.14,1.21
134,Los Llanos de Aridane,42,ES,1585696396,68,28.66,-17.92,19.0,1.5
135,Hässleholm,94,SE,1585696396,75,56.16,13.77,5.0,5.1
136,Khatanga,54,RU,1585696397,91,71.97,102.5,-21.93,3.73
137,Sitka,20,US,1585696397,40,57.05,-135.33,3.0,2.1
138,Bengkulu,100,ID,1585696363,80,-3.8,102.27,25.56,1.42
139,Englewood,20,US,1585696226,17,39.65,-104.99,20.56,4.1
140,Kokkola,35,FI,1585696398,64,63.84,23.13,2.78,4.1
141,Kampot,20,KH,1585696398,94,10.62,104.18,26.0,1.0
142,Saskylakh,92,RU,1585696399,88,71.92,114.08,-22.61,5.97
143,Parintins,100,BR,1585696399,95,-2.63,-56.74,24.58,0.22
144,Vanimo,100,PG,1585696403,73,-2.67,141.3,28.1,1.75
145,Bikaner,0,IN,1585696403,44,28.02,73.3,22.12,3.74
146,Bereket,1,TM,1585696403,78,39.24,55.52,11.51,5.39
147,Verkhnevilyuysk,100,RU,1585696403,96,63.45,120.32,-8.14,3.28
148,Evensk,99,RU,1585696404,92,61.95,159.23,-10.13,1.27
149,Fairbanks,1,US,1585696404,29,64.84,-147.72,-2.22,5.1
150,Olafsvik,100,IS,1585696404,91,64.89,-23.71,0.45,6.69
151,Bassila,80,BJ,1585696405,51,9.01,1.67,28.66,3.46
152,Beaufort,75,MY,1585696283,94,5.35,115.75,26.0,1.2
153,Thunder Bay,40,CA,1585696275,60,48.4,-89.32,4.0,4.1
154,Saint-Pierre,8,RE,1585696406,83,-21.34,55.48,25.0,3.1
155,Honiara,75,SB,1585696407,83,-9.43,159.95,29.0,1.0
156,Te Anau,14,NZ,1585696407,51,-45.42,167.72,15.15,0.65
157,Seoul,1,KR,1585696394,39,37.57,126.98,11.0,2.1
158,Sechura,48,PE,1585696408,71,-5.56,-80.82,24.93,5.68
159,Shelburne,90,CA,1585696408,81,44.08,-80.2,6.11,7.2
160,Tura,0,IN,1585696409,27,25.52,90.22,18.56,0.25
161,Longyearbyen,20,SJ,1585696409,83,78.22,15.64,-20.0,0.5
162,Qui Nhon,25,VN,1585696229,80,13.77,109.23,26.07,1.43
163,Tari,87,NG,1585696410,19,12.41,4.49,29.78,1.6
164,Inhambane,0,MZ,1585696410,71,-23.86,35.38,22.93,3.1
165,Guerrero Negro,100,MX,1585696411,32,27.98,-114.06,23.12,5.65
166,Madingou,40,CG,1585696411,85,-4.15,13.55,23.67,0.75
167,Atuona,5,PF,1585696411,79,-9.8,-139.03,27.95,6.08
168,Chokurdakh,94,RU,1585696412,91,70.63,147.92,-18.99,1.85
169,Aripuanã,100,BR,1585696412,90,-9.17,-60.63,23.96,0.57
170,Isiolo,50,KE,1585696413,54,0.35,37.58,20.77,0.94
171,Bambous Virieux,75,MU,1585696413,94,-20.34,57.76,26.0,3.09
172,Grindavik,90,IS,1585696413,77,63.84,-22.43,2.0,8.7
173,Hong Kong,40,HK,1585696323,82,22.29,114.16,19.0,2.1
174,Necochea,85,AR,1585696414,71,-38.55,-58.74,16.11,1.79
175,Sola,100,VU,1585696414,87,-13.88,167.55,26.37,6.57
176,Oeiras,74,BR,1585696415,87,-7.03,-42.13,24.1,1.0
177,Bhatkal,3,IN,1585696415,79,13.97,74.57,25.18,1.99
178,Kruisfontein,0,ZA,1585696415,79,-34.0,24.73,14.04,4.11
179,Cherskiy,54,RU,1585696415,91,68.75,161.3,-14.78,4.67
180,Cockburn Town,0,TC,1585696416,72,21.46,-71.14,24.85,5.46
181,Lebu,0,CL,1585696416,77,-37.62,-73.65,13.46,8.01
182,Port Elizabeth,75,ZA,1585696416,77,-33.92,25.57,17.0,7.7
183,Miramar,1,US,1585696417,54,25.99,-80.23,31.0,6.2
184,Hamilton,90,US,1585695558,65,39.18,-84.53,8.0,3.1
185,Vegreville,100,CA,1585696417,63,53.5,-112.05,-10.56,5.63
186,Moa,17,CU,1585696418,76,20.66,-74.94,24.88,2.87
187,Sibolga,63,ID,1585696418,77,1.74,98.78,25.51,1.24
188,Udachny,42,RU,1585696418,83,66.42,112.4,-22.0,4.0
189,Pecos,1,US,1585696418,9,31.42,-103.49,26.11,1.5
190,Nemuro,100,JP,1585696419,86,43.32,145.57,4.25,9.33
191,Broken Hill,90,AU,1585696419,72,-31.95,141.43,19.0,6.7
192,Saint-François,0,FR,1585696420,59,46.42,3.91,1.0,1.05
193,Amapá,100,BR,1585696420,95,1.0,-52.0,23.12,0.84
194,Airai,95,TL,1585696420,58,-8.93,125.41,20.44,0.87
195,Linxia Chengguanzhen,91,CN,1585696421,42,35.6,103.21,1.3,1.21
196,Petropavlovsk-Kamchatskiy,40,RU,1585696319,94,53.05,158.65,0.0,2.0
197,Maningrida,58,AU,1585696421,75,-12.07,134.27,28.33,3.91
198,Tiksi,100,RU,1585696384,88,71.69,128.87,-18.73,1.8
199,Kaitangata,14,NZ,1585696422,80,-46.28,169.85,15.0,0.56
200,Najrān,5,SA,1585696422,35,17.49,44.13,22.0,1.96
201,Las Vegas,1,US,1585695902,19,36.17,-115.14,25.0,1.5
202,Parnamirim,40,BR,1585696123,88,-5.92,-35.26,27.0,3.6
203,Hobyo,83,SO,1585696423,76,5.35,48.53,28.56,5.15
204,Kinshasa,69,CD,1585696423,79,-4.32,15.32,24.11,0.55
205,Souillac,75,MU,1585696424,94,-20.52,57.52,26.0,1.91
206,Waingapu,79,ID,1585696424,69,-9.66,120.26,27.97,1.94
207,Kovdor,100,RU,1585696425,95,67.57,30.48,-7.24,1.48
208,Yambio,67,SS,1585696425,60,4.57,28.4,23.16,2.63
209,Katsuura,75,JP,1585696425,93,35.13,140.3,12.0,2.1
210,Banda Aceh,87,ID,1585696426,77,5.56,95.32,26.88,1.87
211,Khani,0,GE,1585696426,87,41.96,42.96,8.0,4.1
212,Morvi,0,IN,1585696426,10,22.82,70.83,25.0,2.68
213,Touros,40,BR,1585696427,88,-5.2,-35.46,27.0,2.6
214,Ponta Delgada,40,PT,1585696430,62,37.73,-25.67,12.0,5.1
215,Hithadhoo,64,MV,1585696431,67,-0.6,73.08,28.63,3.96
216,Lompoc,60,US,1585696398,53,34.64,-120.46,27.78,7.7
217,Yinchuan,67,CN,1585696431,22,38.47,106.27,4.44,6.18
218,Christchurch,0,NZ,1585696332,82,-43.53,172.63,18.33,2.6
219,Gijang,100,KR,1585696308,81,35.24,129.21,11.0,1.0
220,La Santisima Trinidad,75,BO,1585696432,88,-14.83,-64.9,27.0,0.22
221,Ribeira Grande,97,PT,1585696433,69,38.52,-28.7,14.08,13.76
222,Kasama,77,ZM,1585696433,67,-10.21,31.18,16.66,1.07
223,Nānākuli,75,US,1585696433,78,21.39,-158.15,27.0,4.1
224,Cape Canaveral,1,US,1585696434,48,28.41,-80.6,30.0,8.2
225,Victor Harbor,100,AU,1585696434,63,-35.57,138.62,18.89,4.1
226,Paithan,8,IN,1585696434,21,19.48,75.38,25.43,1.81
227,Kirkwall,98,GB,1585696435,81,58.98,-2.96,6.67,4.1
228,High Rock,54,BS,1585696435,74,26.62,-78.28,27.0,6.7
229,Korla,35,CN,1585696436,36,41.76,86.15,5.45,5.09
230,Ubari,48,LY,1585696436,24,26.59,12.78,17.85,4.62
231,Smolenka,31,RU,1585696436,36,52.14,113.5,-1.0,3.0
232,Yeppoon,20,AU,1585696437,78,-23.13,150.73,25.0,4.1
233,Gravdal,68,NO,1585696437,81,68.12,13.5,1.63,8.74
234,Talnakh,75,RU,1585696438,85,69.49,88.4,-11.0,8.0
235,La Asuncion,74,VE,1585696438,62,11.03,-63.86,29.0,9.3
236,Ponta do Sol,20,PT,1585696438,67,32.67,-17.1,15.0,6.2
237,Camocim,99,BR,1585696439,90,-2.9,-40.84,25.65,3.85
238,North Platte,75,US,1585696439,21,41.12,-100.77,22.0,6.2
239,Vila Franca do Campo,40,PT,1585696439,62,37.72,-25.43,12.0,5.1
240,Almansa,75,ES,1585696440,93,38.87,-1.1,11.67,3.6
241,Tasiilaq,2,GL,1585696440,29,65.61,-37.64,-4.0,13.4
242,Biloela,0,AU,1585696440,55,-24.42,150.5,26.11,1.48
243,Englehart,75,CA,1585696441,85,47.82,-79.87,5.0,2.1
244,Batagay,95,RU,1585696441,90,67.63,134.63,-13.22,0.15
245,Warrington,61,GB,1585696441,87,53.39,-2.58,7.22,2.6
246,Celestún,3,MX,1585696441,77,20.87,-90.4,26.68,6.97
247,Tromsø,20,NO,1585696145,68,69.65,18.96,-2.0,10.3
248,Moosomin,100,CA,1585696442,67,50.13,-101.67,7.08,6.71
249,Lorengau,93,PG,1585696442,81,-2.02,147.27,28.37,4.22
250,Aykhal,99,RU,1585696443,83,66.0,111.5,-22.0,4.0
251,Vytegra,100,RU,1585696443,87,61.01,36.45,-2.98,5.51
252,Matagami,1,CA,1585696443,19,49.75,-77.63,10.0,2.6
253,Price,40,US,1585696444,20,39.6,-110.81,18.0,5.1
254,Gamba,1,GA,1585696444,86,-2.65,10.0,26.61,3.03
255,Caruray,20,PH,1585696444,83,10.31,119.01,26.0,3.1
256,Ust-Tsilma,20,RU,1585696445,96,65.44,52.15,-11.67,0.56
257,San Juan,68,AR,1585696448,45,-31.54,-68.54,24.51,4.82
258,Camacha,20,PT,1585696449,58,33.08,-16.33,15.0,5.1
259,Lichinga,2,MZ,1585696449,69,-13.31,35.24,13.55,0.4
260,Quesnel,90,CA,1585696449,53,53.0,-122.5,-5.0,7.7
261,Severo-Kuril'sk,100,RU,1585696449,86,50.68,156.12,2.12,6.72
262,Kiryat Gat,40,IL,1585696450,77,31.61,34.76,16.0,3.6
263,Kloulklubed,75,PW,1585696450,83,7.04,134.26,27.0,3.6
264,Ulaangom,14,MN,1585696450,79,49.98,92.07,-15.12,1.08
265,Bariloche,40,AR,1585696200,48,-41.15,-71.31,16.11,10.8
266,Makakilo City,75,US,1585696451,78,21.35,-158.09,27.0,4.1
267,Assiniboia,95,CA,1585696452,54,49.63,-105.98,2.78,6.77
268,Timrå,29,SE,1585696452,51,62.49,17.33,3.33,6.2
269,Nouadhibou,100,MR,1585696385,77,20.93,-17.03,20.0,5.7
270,Bezhanitsy,100,RU,1585696453,87,56.98,29.89,-1.07,4.97
271,Hofn,47,IS,1585696453,71,64.25,-15.21,3.77,6.58
272,Moanda,61,GA,1585696453,85,-1.56,13.22,22.3,1.18
273,Paramonga,81,PE,1585696454,76,-10.67,-77.83,23.33,3.08
274,Al Bardīyah,3,LY,1585696454,73,31.76,25.09,14.63,7.37
275,Chaozhou,75,CN,1585696455,77,23.67,116.64,18.0,4.0
276,Djambala,76,CG,1585696455,72,-2.54,14.75,22.06,0.45
277,Manaus,75,BR,1585696225,100,-3.1,-60.02,24.0,2.1
278,La Tuque,31,CA,1585696456,94,47.43,-72.78,-2.19,2.22
279,San Lorenzo,20,PY,1585696456,59,-25.33,-57.53,32.0,1.5
280,Jumla,88,NP,1585696454,28,29.27,82.18,6.84,0.57
281,Athabasca,100,CA,1585696457,87,54.72,-113.29,-13.05,4.72
282,Jiménez,75,MX,1585696457,8,28.33,-105.4,25.0,6.7
283,Tautira,3,PF,1585696458,78,-17.73,-149.15,28.0,1.5
284,Mahébourg,75,MU,1585696458,94,-20.41,57.7,26.0,2.77
285,Korgen,99,NO,1585696460,74,66.08,13.82,-2.0,6.2
286,Verkhniy Lomov,95,RU,1585696468,91,53.47,43.55,-2.12,6.62
287,Mount Isa,0,AU,1585696468,34,-20.73,139.5,28.0,3.6
288,Lavrentiya,16,RU,1585696469,94,65.58,-171.0,-5.61,3.13
289,Vardø,100,NO,1585696470,92,70.37,31.11,-1.9,9.55
290,Ketchikan,75,US,1585696476,38,55.34,-131.65,6.0,4.6
291,Cheney,90,US,1585696401,60,47.49,-117.58,6.67,5.7
292,Monte Patria,52,CL,1585696477,42,-30.69,-70.95,19.5,0.56
293,Assaré,86,BR,1585696477,82,-6.87,-39.88,21.87,1.3
294,Cidreira,87,BR,1585696270,85,-30.18,-50.21,22.7,6.79
295,Alta Floresta,97,BR,1585696478,85,-9.88,-56.09,23.7,1.02
296,Kudahuvadhoo,79,MV,1585696479,71,2.67,72.89,28.57,2.77
297,Bubaque,34,GW,1585696479,70,11.28,-15.83,26.26,5.2
298,Ostrovnoy,100,RU,1585696480,94,68.05,39.51,-5.44,9.08
299,Padang,80,ID,1585696480,74,-0.95,100.35,25.83,1.86
300,Mehrān,90,IR,1585696480,75,33.12,46.16,8.0,1.0
301,Andenes,100,NO,1585696480,84,69.31,16.12,0.0,11.8
302,St. George's,20,GD,1585696481,65,12.06,-61.75,27.0,5.1
303,Kumul,0,CN,1585696481,39,42.8,93.45,5.46,6.13
304,Dingle,85,PH,1585696481,74,11.0,122.67,27.54,4.79
305,Sobolevo,43,RU,1585696482,79,54.43,31.9,-2.68,4.37
306,San Ramon,1,US,1585696482,59,37.78,-121.98,22.22,4.1
307,Huarmey,77,PE,1585696482,80,-10.07,-78.15,22.97,2.55
308,Santa Rosa,20,PH,1585696483,78,14.31,121.11,27.22,1.0
309,Auki,86,SB,1585696483,70,-8.77,160.7,29.35,1.93
310,Hirānagar,18,IN,1585696483,62,32.45,75.27,15.85,2.47
311,Pierre,1,US,1585696484,37,44.37,-100.35,20.0,6.7
312,Teya,99,RU,1585696484,95,60.38,92.63,-2.91,0.95
313,Marabu,75,MY,1585696485,100,4.41,114.01,24.0,1.5
314,Lufilufi,47,WS,1585696485,74,-13.87,-171.6,30.0,4.66
315,Coyhaique,40,CL,1585696471,50,-45.58,-72.07,12.0,5.7
316,Labuhan,58,ID,1585696486,83,-6.88,112.21,26.88,1.99
317,Lelystad,31,NL,1585696486,74,52.51,5.47,3.33,2.1
318,Kifrī,97,IQ,1585696487,48,34.7,44.97,16.51,5.18
319,Dossor,70,KZ,1585696487,74,47.53,52.98,10.05,3.16
320,Dukat,23,RU,1585696488,82,62.55,155.55,-12.0,3.96
321,Teguise,0,ES,1585696488,72,29.06,-13.56,19.0,2.1
322,Kortkeros,69,RU,1585696488,53,61.81,51.58,-6.0,3.0
323,Avera,90,US,1585696489,85,33.19,-82.53,16.11,3.1
324,Bondo,73,CD,1585696489,78,3.81,23.69,21.47,1.5
325,Deputatsky,2,RU,1585696365,83,69.3,139.9,-18.41,0.5
326,San Cristobal,40,VE,1585696490,62,7.77,-72.22,29.0,2.6
327,Walvis Bay,0,NA,1585696490,89,-22.96,14.51,15.0,0.45
328,‘Āhuimanu,75,US,1585696214,57,21.44,-157.84,27.0,4.6
329,Basoko,93,CD,1585696490,87,1.24,23.62,22.04,0.67
330,Khāsh,0,IR,1585696491,32,28.22,61.22,13.82,1.08
331,Oranjemund,0,NA,1585696491,86,-28.55,16.43,14.11,4.6
332,Codrington,35,AU,1585696395,62,-38.27,141.97,17.6,3.02
333,Roura,75,GF,1585696491,88,4.73,-52.33,26.0,2.1
334,Klaksvík,100,FO,1585696492,87,62.23,-6.59,7.0,12.9
335,Manta,75,EC,1585696492,83,-0.95,-80.73,27.0,5.7
336,Mayor Pablo Lagerenza,91,PY,1585696492,57,-19.93,-60.77,28.79,2.16
337,Pangnirtung,5,CA,1585696493,47,66.15,-65.71,-24.0,4.6
338,Natal,40,BR,1585696493,88,-5.79,-35.21,27.0,3.6
339,Greeley,40,US,1585696493,23,40.42,-104.71,20.56,2.1
340,Leshukonskoye,54,RU,1585696494,95,64.9,45.76,-9.71,2.5
341,Desaguadero,74,PE,1585696495,26,-16.57,-69.04,9.4,2.09
342,Swellendam,85,ZA,1585696495,68,-34.02,20.44,18.0,2.6
343,Lima,75,PE,1585696495,73,-12.04,-77.03,24.0,4.1
344,Vao,3,NC,1585696496,76,-22.67,167.48,23.59,7.41
345,Alice Springs,75,AU,1585696386,83,-23.7,133.88,21.0,5.7
346,Chara,96,RU,1585696496,81,56.91,118.26,-3.35,2.92
347,Billings Metropolitan Area,90,US,1585696427,65,45.78,-108.5,7.22,5.1
348,Topolovgrad,90,BG,1585696497,69,42.08,26.33,5.0,4.1
349,Campoverde,92,PE,1585696497,69,-8.48,-74.81,26.22,0.1
350,Abu Samrah,19,SY,1585696498,70,35.3,37.18,12.2,1.57
351,Cody,90,US,1585696271,65,44.53,-109.06,9.44,5.73
352,Karaton,40,ID,1585696498,88,-6.34,106.1,25.0,2.1
353,Alekseyevsk,100,RU,1585696499,76,57.84,108.35,2.14,7.37
354,Tual,99,ID,1585696500,70,-5.67,132.75,29.53,1.56
355,Praia da Vitória,75,PT,1585696500,71,38.73,-27.07,14.0,12.4
356,Santa Isabel Rio Negro,100,BR,1585696500,96,-0.41,-65.02,24.13,0.39
357,Ballina,40,AU,1585696501,88,-28.87,153.57,23.33,3.6
358,Lerwick,97,GB,1585696501,87,60.15,-1.15,7.0,8.7
359,Bud,90,US,1585696501,80,39.45,-86.18,7.0,4.6
360,Russell,90,US,1585696502,55,32.35,-85.2,19.44,7.2
361,Carutapera,99,BR,1585696504,85,-1.2,-46.02,26.26,2.37
362,Vila Velha,75,BR,1585696455,83,-20.33,-40.29,26.0,1.0
363,Adrar,100,MR,1585696505,16,20.5,-10.07,26.41,2.93
364,Maroantsetra,82,MG,1585696505,83,-15.43,49.73,24.21,0.46
365,Pangoa,69,PE,1585696506,71,-12.12,-73.0,22.17,0.63
366,Prainha,100,BR,1585696506,91,-1.8,-53.48,23.76,0.77
367,Nikolskoye,75,RU,1585696507,74,59.7,30.79,-1.0,5.0
368,Guácimo,75,CR,1585696507,69,10.21,-83.68,23.0,4.1
369,Santa Maria,40,BR,1585696264,54,-29.68,-53.81,28.0,1.5
370,São Filipe,89,CV,1585696518,82,14.9,-24.5,22.99,3.17
371,Port Blair,64,IN,1585696519,77,11.67,92.75,27.05,3.33
372,Bellavista,97,PE,1585696519,75,-7.06,-76.59,24.63,0.57
373,Porto Torres,88,IT,1585696520,81,40.84,8.4,11.0,3.1
374,Maniitsoq,100,GL,1585696520,89,65.42,-52.9,-13.78,1.09
375,Chillicothe,90,US,1585696520,74,39.33,-82.98,8.0,4.1
376,Pachino,86,IT,1585696520,87,36.72,15.09,11.11,1.5
377,Enterprise,75,US,1585696327,17,36.03,-115.24,25.0,2.1
378,Sekoma,99,BW,1585696521,51,-24.4,23.88,20.05,1.88
379,Vestmannaeyjar,97,IS,1585696522,75,63.44,-20.27,4.44,10.7
380,Aswān,13,EG,1585696522,11,24.09,32.91,27.0,3.6
381,Saint-Augustin,100,CA,1585696522,88,51.23,-58.65,1.29,7.16
382,Nome,90,US,1585696522,100,64.5,-165.41,-3.89,3.1
383,Raul Soares,45,BR,1585696522,81,-20.1,-42.45,22.12,0.79
384,Annau,40,TM,1585696523,76,37.89,58.52,10.0,0.72
385,Kumta,6,IN,1585696523,81,14.42,74.4,23.92,1.54
386,Talaya,70,RU,1585696523,80,61.38,152.75,-11.06,2.37
387,Quatre Cocos,75,MU,1585696524,94,-20.21,57.76,26.0,3.21
388,Toamasina,49,MG,1585696524,81,-18.17,49.38,26.09,3.48
389,Kaseda-shirakame,90,JP,1585696524,87,31.42,130.32,16.0,1.5
390,Sharan,100,RU,1585696524,80,54.82,54.0,1.96,2.87
391,Kavaratti,0,IN,1585696525,78,10.57,72.64,28.01,6.13
392,Matara,12,LK,1585696525,88,5.95,80.54,23.31,2.9
393,Oodweyne,3,SO,1585696525,45,9.41,45.06,24.87,2.35
394,Chapais,20,CA,1585696500,33,49.78,-74.85,7.0,3.6
395,Senneterre,20,CA,1585696526,28,48.38,-77.23,7.0,5.1
396,Diffa,96,NE,1585696526,25,13.32,12.61,32.69,3.01
397,Islamkot,0,PK,1585696526,79,24.7,70.18,21.93,5.32
398,Lethem,95,GY,1585696527,58,3.38,-59.8,29.27,4.22
399,Merrill,90,US,1585696528,60,45.18,-89.68,6.67,4.1
400,Rocha,76,UY,1585696528,87,-34.48,-54.33,17.42,4.09
401,Iskateley,1,RU,1585696529,95,67.68,53.15,-14.33,2.53
402,Guéret,0,FR,1585696529,36,46.17,1.87,7.0,7.7
403,Faya,27,SA,1585696529,63,18.39,42.45,17.0,2.6
404,Belomorsk,100,RU,1585696530,97,64.52,34.77,-2.85,6.34
405,Blagoyevo,0,RU,1585696530,92,63.37,47.92,-13.02,0.92
406,Sawākin,0,SD,1585696530,46,19.11,37.33,24.15,0.69
407,Lata,20,PT,1585696531,87,40.16,-8.33,6.11,2.1
408,Nunkiní,20,MX,1585696531,62,20.33,-90.18,30.0,6.2
409,Dumabato,78,PH,1585696531,54,16.32,121.7,27.09,0.36
410,Dicabisagan,94,PH,1585696442,72,17.08,122.42,27.33,1.17
411,Moyale,2,KE,1585696532,60,3.52,39.06,21.16,1.63
412,Walajapet,5,IN,1585696532,79,12.93,79.38,21.84,1.88
413,Province of Trapani,20,IT,1585696533,87,37.83,12.67,13.33,3.1
414,San Fernando del Valle de Catamarca,99,AR,1585696533,99,-28.47,-65.79,22.22,0.89
415,Rome,90,US,1585696265,57,43.21,-75.46,10.0,1.5
416,Mayya,40,RU,1585696533,92,61.73,130.28,-7.0,1.0
417,Nampula,12,MZ,1585696534,87,-15.12,39.27,17.45,1.7
418,Haines Junction,98,CA,1585696534,79,60.75,-137.51,-9.06,1.69
419,Nerang,0,AU,1585696534,69,-27.98,153.33,27.78,4.6
420,Krasnosel'kup,56,RU,1585696535,94,65.7,82.47,-13.2,3.85
421,Laguna,75,US,1585696535,52,38.42,-121.42,23.33,5.1
422,Vera Cruz,36,BR,1585696535,80,-12.63,-41.03,21.65,1.65
423,Askiz,2,RU,1585696536,72,53.13,90.53,0.83,0.87
424,Urengoy,86,RU,1585696536,94,65.97,78.37,-12.41,3.39
425,Mubi,51,NG,1585696536,25,10.27,13.26,28.71,1.02
426,Ahipara,100,NZ,1585696537,63,-35.17,173.17,20.11,1.46
427,Bang Saphan,4,TH,1585696537,79,11.21,99.51,24.14,1.6
428,Ciudad Bolivar,92,VE,1585696537,42,8.12,-63.55,30.89,3.77
429,Kamenka,10,RU,1585696538,68,51.32,42.77,-1.11,4.47
430,Itarema,99,BR,1585696538,87,-2.92,-39.92,25.98,3.87
431,Osakarovka,0,KZ,1585696538,83,50.56,72.57,-4.82,4.56
432,Bahía Blanca,97,AR,1585696335,87,-38.72,-62.27,16.18,5.22
433,Pedro Juan Caballero,31,PY,1585696539,61,-22.55,-55.73,28.0,2.14
434,Anadyr,75,RU,1585696524,79,64.75,177.48,-1.11,9.0
435,Sinnamary,97,GF,1585696539,83,5.38,-52.95,25.86,5.78
436,Safi,9,MA,1585696540,81,32.3,-9.24,16.02,5.26
437,Rock Hill,90,US,1585696256,66,34.92,-81.03,12.22,2.6
438,Kuching,40,MY,1585696528,94,1.55,110.33,26.0,1.0
439,Sabang,74,ID,1585696541,71,5.89,95.32,28.18,2.68
440,San Quintín,100,MX,1585696329,65,30.48,-115.95,18.3,4.3
441,Sambava,82,MG,1585696541,89,-14.27,50.17,24.98,1.6
442,Nishihara,90,JP,1585696542,94,26.18,127.76,24.0,6.2
443,Gomel,41,BY,1585696542,68,52.43,30.98,-2.0,3.0
444,Yuxia,57,CN,1585696542,71,34.06,108.63,13.89,1.0
445,Cheyenne,20,US,1585696474,21,41.14,-104.82,19.44,12.3
446,Pedernales,6,DO,1585696543,76,18.04,-71.74,24.98,2.83
447,Okhotsk,82,RU,1585696543,95,59.38,143.3,-5.39,3.13
448,Ust'-Koksa,0,RU,1585696544,50,50.27,85.61,-1.5,1.67
449,Faanui,10,PF,1585696428,75,-16.48,-151.75,28.34,5.0
450,Katangli,84,RU,1585696544,92,51.71,143.23,0.69,3.07
451,Yulara,89,AU,1585696544,93,-25.24,130.99,19.0,1.5
452,Piaçabuçu,68,BR,1585696545,83,-10.41,-36.43,26.6,3.7
453,Tres Arroyos,97,AR,1585696545,69,-38.37,-60.28,16.62,3.88
454,Lagos,40,NG,1585696346,94,6.58,3.75,28.0,1.0
455,Khandyga,89,RU,1585696546,94,62.67,135.6,-5.22,2.02
456,Caravelas,74,BR,1585696546,87,-17.71,-39.25,25.81,3.45
457,Kungurtug,7,RU,1585696546,76,50.6,97.52,-9.11,1.4
458,Noumea,22,NC,1585696123,54,-22.28,166.46,28.0,1.5
459,Tomatlán,40,MX,1585696537,48,19.93,-105.25,27.93,3.51
460,Chancay,75,PE,1585696547,73,-11.57,-77.27,24.0,4.1
461,Vila,75,PT,1585696462,93,42.03,-8.16,10.56,2.6
462,Pevek,33,RU,1585696548,91,69.7,170.31,-16.14,1.36
463,Mucuri,66,BR,1585696548,87,-18.09,-39.55,25.63,3.4
464,Kitimat,75,CA,1585696548,31,54.05,-128.65,1.0,5.1
465,Vizinga,78,RU,1585696548,95,61.07,50.1,-8.12,2.23
466,Santa Cruz de la Sierra,75,BO,1585696453,70,-17.8,-63.17,30.0,4.1
467,Mossamedes,36,AO,1585696549,70,-15.2,12.15,23.51,3.56
468,Danilov,64,RU,1585696549,53,58.19,40.17,-5.0,3.0
469,Kahului,40,US,1585696550,65,20.89,-156.47,26.0,7.7
470,Margate,0,GB,1585696502,86,51.38,1.39,5.56,2.1
471,Inongo,100,CD,1585696550,87,-1.95,18.27,22.13,0.08
472,Griffith,90,US,1585696356,86,41.53,-87.42,5.56,5.7
473,Mahibadhoo,40,MV,1585696551,74,3.78,72.97,28.59,2.85
474,Arrondissement de Laon,3,FR,1585696551,60,49.57,3.67,4.0,3.6
475,Hasaki,75,JP,1585696552,87,35.73,140.83,13.0,3.1
476,Tarko-Sale,100,RU,1585696552,83,64.92,77.78,-12.22,2.86
477,Ossora,41,RU,1585696552,91,59.24,163.07,-6.27,2.66
478,Port Townsend,90,US,1585696552,93,48.12,-122.76,10.56,2.1
479,Yate,28,GB,1585696553,69,51.54,-2.42,5.56,3.1
480,Merauke,88,ID,1585696553,81,-8.47,140.33,27.76,1.88
481,Sept-Îles,90,CA,1585696553,55,50.2,-66.38,4.0,5.1
482,Alofi,75,NU,1585696338,89,-19.06,-169.92,29.0,3.1
483,Birao,12,CF,1585696554,14,10.28,22.79,26.27,2.14
484,Kinna,90,SE,1585696554,86,57.51,12.69,5.0,5.1
485,Kirakira,100,SB,1585696554,78,-10.45,161.92,27.64,2.73
486,Straumen,100,NO,1585696555,90,63.87,11.3,3.89,10.8
487,Jining,75,CN,1585696555,60,35.41,116.58,11.52,4.57
488,Yar-Sale,28,RU,1585696533,92,66.83,70.83,-14.9,2.64
489,Pakxan,5,LA,1585696556,50,18.38,103.66,26.42,1.55
490,Esim,81,GH,1585696556,88,4.87,-2.24,26.97,3.8
491,Santo Estêvão,8,BR,1585696556,84,-12.43,-39.25,23.4,2.54
492,Majene,100,ID,1585696557,77,-3.54,118.97,26.83,1.66
493,Mmabatho,99,ZA,1585696557,88,-25.85,25.63,17.0,1.5
494,Araouane,14,ML,1585696557,14,18.9,-3.53,26.28,3.34
495,Wanning,35,CN,1585696558,85,18.8,110.4,25.58,1.39
496,Sarab,70,IR,1585696558,40,38.61,44.99,8.73,2.65
497,Chavinda,20,MX,1585696558,16,20.02,-102.45,29.07,2.95
498,Arrifes,40,PT,1585696558,62,37.77,-25.7,12.0,5.1
499,Yuanping,100,CN,1585696559,57,38.72,112.76,2.62,0.93
500,Basco,27,PH,1585696559,79,20.45,121.97,26.95,2.18
501,Burgersdorp,100,ZA,1585696559,55,-31.0,26.33,15.32,2.58
502,Mahanoro,75,MG,1585696559,85,-19.9,48.8,25.13,3.1
503,Jales,24,BR,1585696560,73,-20.27,-50.55,22.87,1.92
504,San Policarpo,36,PH,1585696560,75,12.18,125.51,27.74,3.1
505,Morros,90,BR,1585696560,62,-9.45,-46.3,24.51,2.13
506,Port-Gentil,68,GA,1585696561,83,-0.72,8.78,27.65,4.82
507,Tayturka,6,RU,1585696561,72,52.87,103.46,0.95,1.29
508,Dunedin,2,NZ,1585696562,71,-45.87,170.5,17.78,1.34
509,Hokitika,36,NZ,1585696562,57,-42.72,170.97,16.51,1.55
510,Beloha,29,MG,1585696562,87,-25.17,45.05,20.97,5.06
511,Alekseyevka,0,RU,1585696563,87,50.63,38.69,-1.34,4.89
512,Wagar,15,SD,1585696563,33,16.15,36.2,21.86,4.56
513,Binzhou,47,CN,1585696563,43,37.37,118.02,8.89,0.89
514,Lagoa,99,PT,1585696470,69,39.05,-27.98,14.14,13.21
515,Sistranda,75,NO,1585696564,69,63.73,8.83,4.0,8.7
516,Stanišić,2,RS,1585696564,63,45.94,19.17,-2.0,3.1
517,Pisco,75,PE,1585696564,30,-13.7,-76.22,22.22,4.1
518,Lakatoro,100,VU,1585696565,80,-16.1,167.42,27.74,8.31
519,Corumbá,28,BR,1585696495,74,-19.01,-57.65,26.31,0.64
520,Vostok,84,RU,1585696565,68,46.49,135.88,0.3,2.23
521,Negombo,20,LK,1585696566,88,7.21,79.84,27.0,0.5
522,Djibo,35,BF,1585696566,14,14.1,-1.63,30.23,4.52
523,São João da Barra,15,BR,1585696566,82,-21.64,-41.05,24.95,3.77
524,Siniscola,92,IT,1585696566,71,40.57,9.69,9.11,4.65
525,Kefamenanu,94,ID,1585696567,71,-9.45,124.48,25.52,1.08
526,Torit,41,SS,1585696567,53,4.41,32.57,25.66,0.98
527,Leningradskiy,11,RU,1585696567,92,69.38,178.42,-11.08,2.88
528,Formosa do Rio Preto,59,BR,1585696568,78,-11.05,-45.19,21.78,0.94
529,Naze,75,JP,1585696568,94,28.37,129.48,21.0,3.6
530,Beyneu,93,KZ,1585696568,89,45.32,55.2,9.29,6.03
531,Taunggyi,0,MM,1585696569,44,20.78,97.03,14.68,1.31
532,Sorong,87,ID,1585696569,85,-0.88,131.25,27.81,3.15
533,Khanbari,0,NP,1585696569,23,27.37,87.2,17.8,2.09
534,Bol,54,TD,1585696570,26,13.46,14.71,31.52,5.08
535,Níjar,75,ES,1585696570,87,36.97,-2.21,16.0,3.1
536,Monte Gordo,75,PT,1585696570,76,37.18,-7.45,12.0,2.6
537,Zemio,44,CF,1585696571,67,5.03,25.14,22.77,1.75
538,Oistins,20,BB,1585696294,65,13.07,-59.53,26.0,5.7
539,Benguela,19,AO,1585696571,85,-12.58,13.41,24.84,2.18
540,Pascagoula,1,US,1585696571,49,30.37,-88.56,23.0,5.7
541,Vangaindrano,28,MG,1585696572,90,-23.35,47.6,21.66,2.19
542,Puerto Escondido,20,MX,1585696572,84,15.85,-97.07,30.0,4.1
543,Guangzhou,90,CN,1585696508,77,23.12,113.25,16.67,1.0
544,Nelson Bay,75,AU,1585696573,100,-32.72,152.15,23.33,2.6
545,Vilyuysk,89,RU,1585696573,95,63.76,121.62,-9.35,2.89
546,Libreville,40,GA,1585696574,83,0.39,9.45,29.0,4.1
547,Praia,74,CV,1585696341,44,14.92,-23.51,24.0,6.2
548,Dankov,70,RU,1585696574,79,53.25,39.16,-6.0,5.0
549,Kyshtovka,83,RU,1585696574,95,56.55,76.63,-4.72,3.35
550,Erdemli,68,TR,1585696486,70,36.6,34.31,14.95,8.65
551,Boa Vista,75,BR,1585696318,49,2.82,-60.67,32.0,4.1
552,Inírida,91,CO,1585696575,81,3.87,-67.92,25.67,0.84
553,Marawi,96,PH,1585696576,58,8.0,124.29,24.36,1.03
